cct,semaforo_std
01DPR0001V,1
01DPR0002U,0
01DPR0003T,0
01DPR0005R,1
01DPR0006Q,1
01DPR0007P,1
01DPR0008O,1
01DPR0009N,1
01DPR0010C,1
01DPR0012A,1
01DPR0013Z,1
01DPR0014Z,1
01DPR0015Y,0
01DPR0016X,1
01DPR0017W,0
01DPR0018V,0
01DPR0019U,1
01DPR0020J,1
01DPR0021I,1
01DPR0022H,1
01DPR0023G,1
01DPR0024F,1
01DPR0025E,1
01DPR0026D,1
01DPR0027C,1
01DPR0028B,1
01DPR0031P,1
01DPR0032O,1
01DPR0033N,1
01DPR0034M,1
01DPR0036K,1
01DPR0037J,0
01DPR0038I,1
01DPR0039H,1
01DPR0040X,1
01DPR0041W,1
01DPR0044T,1
01DPR0045S,1
01DPR0047Q,0
01DPR0048P,1
01DPR0049O,0
01DPR0050D,1
01DPR0051C,1
01DPR0052B,1
01DPR0055Z,1
01DPR0057X,1
01DPR0058W,1
01DPR0059V,1
01DPR0060K,1
01DPR0061J,1
01DPR0064G,0
01DPR0065F,1
01DPR0066E,1
01DPR0067D,1
01DPR0068C,1
01DPR0069B,1
01DPR0070R,0
01DPR0071Q,0
01DPR0072P,1
01DPR0073O,1
01DPR0074N,1
01DPR0075M,1
01DPR0076L,1
01DPR0078J,1
01DPR0079I,1
01DPR0080Y,1
01DPR0081X,1
01DPR0082W,0
01DPR0083V,1
01DPR0084U,1
01DPR0085T,1
01DPR0086S,1
01DPR0087R,1
01DPR0090E,1
01DPR0091D,1
01DPR0092C,1
01DPR0093B,1
01DPR0094A,1
01DPR0095Z,1
01DPR0096Z,1
01DPR0097Y,1
01DPR0098X,1
01DPR0099W,1
01DPR0100V,1
01DPR0101U,0
01DPR0102T,1
01DPR0103S,1
01DPR0104R,1
01DPR0105Q,1
01DPR0106P,1
01DPR0108N,0
01DPR0109M,1
01DPR0110B,0
01DPR0112Z,0
01DPR0115X,1
01DPR0116W,1
01DPR0117V,1
01DPR0118U,1
01DPR0119T,1
01DPR0121H,1
01DPR0123F,1
01DPR0124E,1
01DPR0127B,1
01DPR0129Z,1
01DPR0131O,1
01DPR0134L,1
01DPR0136J,0
01DPR0137I,1
01DPR0138H,1
01DPR0139G,1
01DPR0141V,1
01DPR0143T,1
01DPR0144S,1
01DPR0146Q,1
01DPR0147P,1
01DPR0149N,1
01DPR0150C,1
01DPR0152A,0
01DPR0153Z,1
01DPR0154Z,1
01DPR0155Y,1
01DPR0158V,1
01DPR0159U,1
01DPR0160J,1
01DPR0161I,1
01DPR0163G,0
01DPR0165E,1
01DPR0167C,1
01DPR0168B,1
01DPR0170Q,1
01DPR0171P,0
01DPR0172O,0
01DPR0173N,0
01DPR0175L,0
01DPR0176K,1
01DPR0177J,1
01DPR0179H,1
01DPR0180X,1
01DPR0181W,1
01DPR0184T,1
01DPR0185S,1
01DPR0186R,0
01DPR0187Q,1
01DPR0188P,1
01DPR0189O,1
01DPR0190D,1
01DPR0191C,1
01DPR0192B,1
01DPR0193A,1
01DPR0195Z,0
01DPR0196Y,1
01DPR0198W,0
01DPR0200U,1
01DPR0202S,1
01DPR0204Q,1
01DPR0205P,1
01DPR0206O,1
01DPR0207N,1
01DPR0208M,1
01DPR0209L,0
01DPR0210A,1
01DPR0212Z,1
01DPR0213Y,0
01DPR0214X,1
01DPR0216V,1
01DPR0217U,1
01DPR0218T,1
01DPR0219S,1
01DPR0220H,1
01DPR0222F,1
01DPR0224D,0
01DPR0226B,1
01DPR0227A,0
01DPR0228Z,0
01DPR0229Z,1
01DPR0230O,1
01DPR0232M,1
01DPR0233L,1
01DPR0234K,0
01DPR0235J,0
01DPR0240V,0
01DPR0241U,1
01DPR0242T,1
01DPR0243S,1
01DPR0244R,0
01DPR0245Q,0
01DPR0246P,1
01DPR0249M,1
01DPR0250B,0
01DPR0251A,0
01DPR0253Z,1
01DPR0254Y,1
01DPR0255X,0
01DPR0256W,0
01DPR0257V,0
01DPR0258U,1
01DPR0259T,1
01DPR0260I,1
01DPR0269Z,0
01DPR0270P,1
01DPR0271O,0
01DPR0272N,1
01DPR0274L,1
01DPR0276J,1
01DPR0278H,1
01DPR0279G,1
01DPR0280W,1
01DPR0281V,1
01DPR0283T,1
01DPR0284S,1
01DPR0285R,1
01DPR0287P,1
01DPR0288O,1
01DPR0289N,0
01DPR0290C,0
01DPR0293Z,1
01DPR0295Y,1
01DPR0297W,0
01DPR0298V,1
01DPR0300T,1
01DPR0301S,0
01DPR0302R,1
01DPR0303Q,0
01DPR0304P,1
01DPR0305O,1
01DPR0306N,0
01DPR0307M,1
01DPR0308L,1
01DPR0309K,1
01DPR0310Z,1
01DPR0311Z,1
01DPR0312Y,1
01DPR0313X,1
01DPR0314W,1
01DPR0315V,1
01DPR0316U,1
01DPR0317T,1
01DPR0319R,0
01DPR0320G,0
01DPR0321F,1
01DPR0322E,1
01DPR0323D,0
01DPR0324C,0
01DPR0325B,1
01DPR0326A,1
01DPR0328Z,1
01DPR0329Y,1
01DPR0330N,0
01DPR0331M,1
01DPR0332L,1
01DPR0333K,1
01DPR0334J,0
01DPR0335I,1
01DPR0336H,1
01DPR0338F,1
01DPR0340U,1
01DPR0341T,0
01DPR0342S,1
01DPR0343R,1
01DPR0346O,1
01DPR0347N,0
01DPR0348M,1
01DPR0349L,1
01DPR0350A,1
01DPR0351Z,0
01DPR0352Z,1
01DPR0353Y,1
01DPR0354X,1
01DPR0358T,1
01DPR0359S,1
01DPR0360H,1
01DPR0361G,1
01DPR0362F,0
01DPR0364D,0
01DPR0366B,1
01DPR0367A,0
01DPR0368Z,1
01DPR0369Z,1
01DPR0371N,1
01DPR0372M,1
01DPR0373L,1
01DPR0374K,1
01DPR0375J,1
01DPR0376I,1
01DPR0377H,1
01DPR0378G,1
01DPR0380V,0
01DPR0381U,1
01DPR0382T,1
01DPR0383S,1
01DPR0384R,1
01DPR0386P,1
01DPR0387O,0
01DPR0388N,0
01DPR0390B,0
01DPR0391A,1
01DPR0392Z,1
01DPR0394Y,1
01DPR0396W,1
01DPR0397V,1
01DPR0398U,1
01DPR0399T,1
01DPR0401R,1
01DPR0402Q,1
01DPR0403P,1
01DPR0406M,1
01DPR0408K,1
01DPR0410Z,1
01DPR0411Y,1
01DPR0413W,1
01DPR0414V,1
01DPR0415U,1
01DPR0416T,1
01DPR0417S,0
01DPR0418R,0
01DPR0419Q,1
01DPR0420F,1
01DPR0423C,0
01DPR0424B,1
01DPR0425A,0
01DPR0426Z,1
01DPR0427Z,1
01DPR0429X,0
01DPR0430M,1
01DPR0431L,1
01DPR0432K,1
01DPR0433J,0
01DPR0434I,0
01DPR0435H,1
01DPR0436G,1
01DPR0437F,0
01DPR0438E,1
01DPR0439D,1
01DPR0440T,0
01DPR0441S,1
01DPR0442R,1
01DPR0444P,1
01DPR0445O,1
01DPR0446N,0
01DPR0448L,1
01DPR0452Y,0
01DPR0456U,1
01DPR0457T,1
01DPR0460G,0
01DPR0468Z,1
01DPR0469Y,1
01DPR0470N,0
01DPR0471M,0
01DPR0472L,1
01DPR0474J,0
01DPR0476H,1
01DPR0481T,1
01DPR0482S,1
01DPR0483R,0
01DPR0485P,1
01DPR0486O,0
01DPR0487N,1
01DPR0489L,0
01DPR0490A,1
01DPR0494X,0
01DPR0495W,1
01DPR0496V,1
01DPR0497U,0
01DPR0500R,1
01DPR0502P,1
01DPR0503O,0
01DPR0504N,1
01DPR0507K,1
01DPR0511X,1
01DPR0514U,1
01DPR0516S,1
01DPR0517R,1
01DPR0519P,1
01DPR0520E,1
01DPR0521D,1
01DPR0522C,1
01DPR0523B,1
01DPR0525Z,1
01DPR0530L,1
01DPR0531K,1
01DPR0532J,1
01DPR0534H,1
01DPR0535G,1
01DPR0536F,1
01DPR0538D,0
01DPR0539C,1
01DPR0540S,1
01DPR0543P,1
01DPR0544O,1
01DPR0546M,1
01DPR0547L,1
01DPR0549J,1
01DPR0551Y,1
01DPR0552X,1
01DPR0553W,1
01DPR0556T,1
01DPR0557S,1
01DPR0558R,1
01DPR0560F,1
01DPR0565A,0
01DPR0568Y,1
01DPR0569X,1
01DPR0570M,1
01DPR0572K,1
01DPR0573J,0
01DPR0574I,1
01DPR0575H,1
01DPR0576G,1
01DPR0577F,0
01DPR0578E,0
01DPR0579D,0
01DPR0581S,1
01DPR0586N,1
01DPR0588L,1
01DPR0592Y,1
01DPR0596U,1
01DPR0597T,1
01DPR0598S,1
01DPR0599R,1
01DPR0601P,1
01DPR0603N,1
01DPR0604M,1
01DPR0605L,0
01DPR0607J,1
01DPR0608I,1
01DPR0609H,1
01DPR0611W,1
01DPR0612V,1
01DPR0613U,1
01DPR0614T,1
01DPR0615S,1
01DPR0616R,1
01DPR0620D,1
01DPR0621C,1
01DPR0622B,1
01DPR0623A,1
01DPR0624Z,1
01DPR0625Z,1
01DPR0626Y,1
01DPR0627X,0
01DPR0629V,1
01DPR0630K,1
01DPR0631J,0
01DPR0632I,1
01DPR0634G,0
01DPR0639B,0
01DPR0640R,0
01DPR0641Q,1
01DPR0642P,1
01DPR0643O,1
01DPR0644N,1
01DPR0646L,1
01DPR0647K,1
01DPR0648J,1
01DPR0649I,1
01DPR0650Y,1
01DPR0652W,1
01DPR0653V,1
01DPR0654U,1
01DPR0655T,1
01DPR0656S,1
01DPR0657R,1
01DPR0658Q,1
01DPR0659P,0
01DPR0660E,1
01DPR0661D,1
01DPR0662C,1
01DPR0663B,1
01DPR0664A,1
01DPR0665Z,1
01DPR0666Z,1
01DPR0667Y,1
01DPR0668X,1
01DPR0669W,1
01DPR0670L,1
01DPR0671K,1
01DPR0672J,1
01DPR0673I,1
01DPR0674H,1
01DPR0676F,1
01DPR0677E,0
01DPR0678D,1
01DPR0679C,1
01DPR0680S,1
01DPR0682Q,1
01DPR0683P,0
01DPR0684O,1
01DPR0685N,0
01DPR0686M,1
01DPR0687L,0
01DPR0689J,1
01DPR0692X,0
01DPR0694V,1
01DPR0701O,1
01DPR0703M,0
01DPR0704L,1
01DPR0705K,1
01DPR0706J,1
01PPR0001Z,0
01PPR0003Y,0
01PPR0005W,1
01PPR0006V,1
01PPR0008T,1
01PPR0009S,1
01PPR0012F,1
01PPR0013E,1
01PPR0014D,1
01PPR0015C,1
01PPR0017A,1
01PPR0018Z,1
01PPR0020O,1
01PPR0021N,1
01PPR0023L,1
01PPR0024K,1
01PPR0025J,1
01PPR0026I,1
01PPR0027H,1
01PPR0030V,1
01PPR0031U,1
01PPR0033S,0
01PPR0034R,0
01PPR0035Q,1
01PPR0036P,1
01PPR0037O,1
01PPR0039M,1
01PPR0040B,1
01PPR0043Z,1
01PPR0044Y,1
01PPR0045X,1
01PPR0047V,1
01PPR0049T,1
01PPR0050I,1
01PPR0051H,1
01PPR0054E,1
01PPR0056C,0
01PPR0057B,1
01PPR0060P,1
01PPR0062N,1
01PPR0065K,1
01PPR0067I,1
01PPR0068H,0
01PPR0069G,1
01PPR0070W,1
01PPR0072U,1
01PPR0075R,1
01PPR0076Q,1
01PPR0077P,1
01PPR0078O,1
01PPR0079N,1
01PPR0082A,0
01PPR0083Z,1
01PPR0085Y,1
01PPR0086X,1
01PPR0087W,0
01PPR0088V,0
01PPR0089U,1
01PPR0090J,1
01PPR0091I,1
01PPR0093G,1
01PPR0094F,1
01PPR0095E,1
01PPR0096D,1
01PPR0097C,1
01PPR0098B,0
01PPR0099A,1
01PPR0101Z,1
01PPR0102Y,1
01PPR0103X,0
01PPR0104W,1
01PPR0105V,1
01PPR0106U,0
01PPR0109R,1
01PPR0112E,1
01PPR0116A,1
01PPR0117Z,1
01PPR0118Z,1
01PPR0119Y,1
01PPR0120N,1
01PPR0122L,1
01PPR0123K,1
01PPR0124J,1
01PPR0125I,1
01PPR0126H,1
32DPR0001O,0
32DPR0003M,0
32DPR0004L,1
32DPR0005K,0
32DPR0006J,0
32DPR0008H,0
32DPR0010W,0
32DPR0012U,0
32DPR0013T,0
32DPR0014S,0
32DPR0015R,0
32DPR0016Q,0
32DPR0017P,0
32DPR0018O,1
32DPR0019N,1
32DPR0021B,0
32DPR0022A,1
32DPR0023Z,0
32DPR0024Z,0
32DPR0026X,1
32DPR0028V,0
32DPR0029U,1
32DPR0030J,0
32DPR0032H,0
32DPR0033G,0
32DPR0034F,1
32DPR0036D,0
32DPR0037C,1
32DPR0039A,1
32DPR0046K,0
32DPR0047J,0
32DPR0051W,1
32DPR0053U,0
32DPR0055S,0
32DPR0057Q,1
32DPR0059O,1
32DPR0060D,1
32DPR0061C,0
32DPR0062B,1
32DPR0064Z,0
32DPR0072I,0
32DPR0074G,1
32DPR0075F,0
32DPR0077D,0
32DPR0080R,0
32DPR0082P,0
32DPR0084N,1
32DPR0087K,1
32DPR0088J,0
32DPR0089I,1
32DPR0090Y,0
32DPR0091X,1
32DPR0092W,0
32DPR0095T,1
32DPR0097R,0
32DPR0100O,0
32DPR0101N,0
32DPR0106I,0
32DPR0107H,0
32DPR0108G,0
32DPR0109F,0
32DPR0110V,0
32DPR0111U,0
32DPR0112T,0
32DPR0113S,0
32DPR0114R,0
32DPR0115Q,0
32DPR0116P,0
32DPR0117O,0
32DPR0118N,1
32DPR0120B,0
32DPR0121A,0
32DPR0122Z,0
32DPR0124Y,0
32DPR0125X,0
32DPR0126W,0
32DPR0127V,0
32DPR0128U,0
32DPR0130I,0
32DPR0131H,0
32DPR0132G,0
32DPR0133F,1
32DPR0134E,1
32DPR0135D,1
32DPR0136C,0
32DPR0137B,0
32DPR0138A,1
32DPR0139Z,0
32DPR0141O,0
32DPR0142N,1
32DPR0144L,0
32DPR0145K,1
32DPR0146J,0
32DPR0147I,0
32DPR0148H,1
32DPR0149G,0
32DPR0150W,0
32DPR0151V,0
32DPR0152U,1
32DPR0153T,0
32DPR0154S,1
32DPR0155R,1
32DPR0156Q,1
32DPR0157P,0
32DPR0158O,0
32DPR0159N,0
32DPR0160C,0
32DPR0161B,0
32DPR0162A,0
32DPR0163Z,1
32DPR0165Y,0
32DPR0166X,0
32DPR0167W,0
32DPR0168V,0
32DPR0169U,0
32DPR0170J,0
32DPR0171I,0
32DPR0172H,0
32DPR0174F,0
32DPR0175E,1
32DPR0176D,0
32DPR0177C,1
32DPR0178B,0
32DPR0180Q,0
32DPR0181P,0
32DPR0182O,0
32DPR0183N,1
32DPR0184M,1
32DPR0185L,0
32DPR0186K,0
32DPR0187J,1
32DPR0188I,0
32DPR0189H,0
32DPR0190X,0
32DPR0191W,0
32DPR0193U,0
32DPR0194T,0
32DPR0195S,0
32DPR0196R,0
32DPR0197Q,0
32DPR0198P,0
32DPR0199O,0
32DPR0200N,0
32DPR0201M,0
32DPR0202L,0
32DPR0203K,1
32DPR0204J,0
32DPR0205I,1
32DPR0206H,0
32DPR0207G,0
32DPR0208F,0
32DPR0209E,0
32DPR0210U,0
32DPR0213R,0
32DPR0215P,1
32DPR0217N,1
32DPR0218M,0
32DPR0220A,1
32DPR0221Z,1
32DPR0222Z,1
32DPR0223Y,1
32DPR0224X,1
32DPR0225W,0
32DPR0226V,0
32DPR0227U,0
32DPR0228T,0
32DPR0229S,0
32DPR0230H,0
32DPR0231G,1
32DPR0232F,0
32DPR0233E,0
32DPR0234D,0
32DPR0236B,1
32DPR0237A,0
32DPR0238Z,0
32DPR0240O,1
32DPR0242M,1
32DPR0243L,0
32DPR0244K,0
32DPR0246I,1
32DPR0247H,0
32DPR0250V,0
32DPR0251U,1
32DPR0254R,0
32DPR0256P,0
32DPR0259M,0
32DPR0260B,0
32DPR0262Z,0
32DPR0263Z,0
32DPR0271H,0
32DPR0274E,0
32DPR0276C,0
32DPR0277B,0
32DPR0278A,1
32DPR0279Z,1
32DPR0281O,1
32DPR0282N,0
32DPR0286J,1
32DPR0287I,1
32DPR0289G,0
32DPR0290W,0
32DPR0294S,1
32DPR0295R,0
32DPR0296Q,1
32DPR0298O,1
32DPR0300M,1
32DPR0302K,0
32DPR0304I,0
32DPR0305H,0
32DPR0308E,0
32DPR0309D,1
32DPR0312R,0
32DPR0313Q,0
32DPR0315O,0
32DPR0317M,0
32DPR0318L,0
32DPR0319K,1
32DPR0321Z,0
32DPR0324W,0
32DPR0325V,1
32DPR0327T,0
32DPR0329R,1
32DPR0330G,1
32DPR0331F,0
32DPR0332E,0
32DPR0333D,0
32DPR0335B,1
32DPR0337Z,1
32DPR0338Z,1
32DPR0341M,0
32DPR0342L,1
32DPR0343K,1
32DPR0344J,0
32DPR0349E,1
32DPR0350U,0
32DPR0351T,0
32DPR0357N,0
32DPR0358M,0
32DPR0359L,1
32DPR0360A,0
32DPR0361Z,0
32DPR0365W,0
32DPR0366V,0
32DPR0367U,0
32DPR0368T,0
32DPR0369S,1
32DPR0370H,1
32DPR0371G,0
32DPR0373E,0
32DPR0374D,1
32DPR0375C,0
32DPR0376B,1
32DPR0377A,1
32DPR0378Z,0
32DPR0381N,0
32DPR0382M,0
32DPR0383L,1
32DPR0384K,0
32DPR0385J,1
32DPR0386I,0
32DPR0387H,0
32DPR0388G,0
32DPR0389F,1
32DPR0390V,1
32DPR0391U,1
32DPR0392T,1
32DPR0394R,1
32DPR0395Q,0
32DPR0396P,0
32DPR0397O,0
32DPR0399M,0
32DPR0401K,0
32DPR0402J,1
32DPR0403I,0
32DPR0404H,0
32DPR0406F,0
32DPR0407E,1
32DPR0409C,1
32DPR0410S,0
32DPR0411R,1
32DPR0412Q,1
32DPR0413P,1
32DPR0414O,0
32DPR0415N,1
32DPR0416M,0
32DPR0417L,0
32DPR0418K,0
32DPR0419J,0
32DPR0420Z,1
32DPR0421Y,0
32DPR0422X,0
32DPR0423W,0
32DPR0424V,1
32DPR0425U,0
32DPR0426T,1
32DPR0427S,1
32DPR0428R,0
32DPR0429Q,0
32DPR0430F,0
32DPR0431E,0
32DPR0434B,1
32DPR0435A,1
32DPR0437Z,0
32DPR0439X,0
32DPR0441L,0
32DPR0443J,0
32DPR0444I,1
32DPR0445H,0
32DPR0446G,1
32DPR0448E,0
32DPR0450T,0
32DPR0451S,0
32DPR0452R,0
32DPR0453Q,0
32DPR0456N,0
32DPR0457M,0
32DPR0458L,1
32DPR0459K,1
32DPR0460Z,1
32DPR0461Z,0
32DPR0462Y,1
32DPR0463X,0
32DPR0465V,0
32DPR0466U,1
32DPR0467T,1
32DPR0468S,0
32DPR0470G,0
32DPR0471F,1
32DPR0472E,1
32DPR0476A,0
32DPR0477Z,1
32DPR0478Z,0
32DPR0480N,0
32DPR0481M,1
32DPR0484J,0
32DPR0485I,0
32DPR0488F,1
32DPR0489E,0
32DPR0491T,1
32DPR0492S,1
32DPR0495P,0
32DPR0496O,1
32DPR0497N,0
32DPR0499L,0
32DPR0500K,1
32DPR0501J,0
32DPR0502I,0
32DPR0503H,0
32DPR0504G,0
32DPR0505F,0
32DPR0507D,1
32DPR0509B,0
32DPR0511Q,1
32DPR0513O,1
32DPR0514N,1
32DPR0516L,0
32DPR0517K,0
32DPR0518J,0
32DPR0520Y,1
32DPR0521X,1
32DPR0522W,0
32DPR0523V,0
32DPR0524U,0
32DPR0525T,1
32DPR0526S,0
32DPR0527R,0
32DPR0528Q,1
32DPR0529P,0
32DPR0530E,1
32DPR0531D,0
32DPR0532C,1
32DPR0534A,1
32DPR0535Z,0
32DPR0539W,0
32DPR0540L,0
32DPR0544H,1
32DPR0545G,0
32DPR0546F,1
32DPR0547E,0
32DPR0548D,0
32DPR0550S,1
32DPR0553P,1
32DPR0554O,0
32DPR0555N,0
32DPR0556M,1
32DPR0559J,1
32DPR0560Z,1
32DPR0561Y,1
32DPR0562X,0
32DPR0564V,0
32DPR0565U,0
32DPR0566T,0
32DPR0568R,1
32DPR0569Q,0
32DPR0570F,0
32DPR0571E,1
32DPR0573C,0
32DPR0574B,1
32DPR0575A,0
32DPR0577Z,0
32DPR0578Y,0
32DPR0580M,0
32DPR0582K,0
32DPR0583J,0
32DPR0584I,0
32DPR0585H,0
32DPR0586G,0
32DPR0587F,0
32DPR0594P,0
32DPR0599K,1
32DPR0602H,0
32DPR0606D,1
32DPR0609A,0
32DPR0610Q,0
32DPR0611P,1
32DPR0613N,1
32DPR0616K,0
32DPR0617J,0
32DPR0620X,1
32DPR0622V,0
32DPR0624T,1
32DPR0626R,1
32DPR0627Q,0
32DPR0628P,0
32DPR0631C,0
32DPR0632B,1
32DPR0634Z,0
32DPR0638W,1
32DPR0639V,0
32DPR0640K,1
32DPR0641J,1
32DPR0646E,1
32DPR0647D,0
32DPR0648C,0
32DPR0649B,0
32DPR0650R,0
32DPR0651Q,0
32DPR0652P,0
32DPR0653O,0
32DPR0654N,0
32DPR0655M,1
32DPR0656L,0
32DPR0658J,1
32DPR0661X,1
32DPR0662W,1
32DPR0663V,1
32DPR0664U,0
32DPR0665T,1
32DPR0666S,0
32DPR0667R,0
32DPR0668Q,0
32DPR0670E,0
32DPR0671D,0
32DPR0675Z,1
32DPR0677Y,0
32DPR0678X,1
32DPR0679W,0
32DPR0680L,1
32DPR0681K,0
32DPR0683I,0
32DPR0684H,1
32DPR0686F,0
32DPR0687E,1
32DPR0688D,0
32DPR0690S,1
32DPR0692Q,1
32DPR0693P,0
32DPR0694O,0
32DPR0695N,1
32DPR0697L,1
32DPR0700I,1
32DPR0701H,1
32DPR0702G,1
32DPR0703F,1
32DPR0704E,0
32DPR0705D,0
32DPR0706C,1
32DPR0707B,0
32DPR0710P,1
32DPR0711O,0
32DPR0712N,0
32DPR0713M,0
32DPR0714L,1
32DPR0715K,0
32DPR0718H,0
32DPR0720W,0
32DPR0721V,1
32DPR0722U,0
32DPR0723T,0
32DPR0724S,0
32DPR0730C,0
32DPR0732A,0
32DPR0734Z,0
32DPR0735Y,1
32DPR0736X,1
32DPR0738V,1
32DPR0740J,0
32DPR0742H,1
32DPR0743G,0
32DPR0745E,1
32DPR0746D,0
32DPR0747C,1
32DPR0749A,0
32DPR0751P,0
32DPR0754M,1
32DPR0756K,0
32DPR0757J,1
32DPR0758I,0
32DPR0759H,0
32DPR0760X,1
32DPR0761W,0
32DPR0762V,0
32DPR0763U,1
32DPR0765S,1
32DPR0766R,0
32DPR0768P,1
32DPR0770D,1
32DPR0771C,1
32DPR0774Z,1
32DPR0775Z,1
32DPR0776Y,0
32DPR0777X,0
32DPR0778W,0
32DPR0779V,0
32DPR0780K,1
32DPR0781J,0
32DPR0783H,1
32DPR0784G,0
32DPR0786E,0
32DPR0787D,1
32DPR0789B,0
32DPR0790R,0
32DPR0794N,0
32DPR0795M,0
32DPR0796L,1
32DPR0797K,0
32DPR0798J,1
32DPR0799I,1
32DPR0801G,0
32DPR0803E,0
32DPR0804D,1
32DPR0805C,1
32DPR0806B,0
32DPR0807A,0
32DPR0808Z,1
32DPR0809Z,0
32DPR0810O,0
32DPR0812M,0
32DPR0818G,0
32DPR0821U,0
32DPR0822T,0
32DPR0823S,0
32DPR0824R,0
32DPR0825Q,1
32DPR0827O,0
32DPR0828N,0
32DPR0829M,0
32DPR0831A,1
32DPR0832Z,1
32DPR0834Y,0
32DPR0836W,0
32DPR0837V,0
32DPR0839T,1
32DPR0840I,1
32DPR0843F,0
32DPR0844E,0
32DPR0845D,0
32DPR0846C,1
32DPR0847B,0
32DPR0848A,1
32DPR0849Z,1
32DPR0851O,0
32DPR0852N,0
32DPR0853M,0
32DPR0856J,0
32DPR0857I,0
32DPR0858H,0
32DPR0863T,0
32DPR0864S,1
32DPR0865R,0
32DPR0866Q,0
32DPR0868O,1
32DPR0870C,1
32DPR0871B,1
32DPR0872A,0
32DPR0873Z,0
32DPR0875Y,0
32DPR0876X,0
32DPR0877W,1
32DPR0878V,0
32DPR0881I,0
32DPR0882H,0
32DPR0884F,1
32DPR0885E,1
32DPR0887C,0
32DPR0888B,0
32DPR0889A,1
32DPR0890Q,1
32DPR0892O,1
32DPR0893N,1
32DPR0895L,0
32DPR0896K,1
32DPR0897J,0
32DPR0898I,0
32DPR0899H,0
32DPR0900G,1
32DPR0901F,1
32DPR0902E,0
32DPR0904C,0
32DPR0906A,0
32DPR0909Y,1
32DPR0910N,0
32DPR0911M,0
32DPR0912L,0
32DPR0917G,1
32DPR0918F,0
32DPR0919E,0
32DPR0920U,0
32DPR0921T,0
32DPR0922S,1
32DPR0923R,0
32DPR0924Q,0
32DPR0928M,0
32DPR0930A,0
32DPR0931Z,1
32DPR0933Y,1
32DPR0934X,1
32DPR0935W,0
32DPR0936V,0
32DPR0938T,1
32DPR0939S,0
32DPR0941G,0
32DPR0944D,0
32DPR0945C,1
32DPR0946B,0
32DPR0955J,1
32DPR0957H,0
32DPR0958G,0
32DPR0959F,0
32DPR0960V,0
32DPR0964R,0
32DPR0965Q,0
32DPR0966P,1
32DPR0967O,0
32DPR0968N,0
32DPR0969M,0
32DPR0970B,1
32DPR0971A,0
32DPR0973Z,0
32DPR0974Y,1
32DPR0978U,0
32DPR0980I,1
32DPR0981H,0
32DPR0983F,1
32DPR0984E,0
32DPR0985D,0
32DPR0996J,0
32DPR0997I,0
32DPR0998H,1
32DPR0999G,0
32DPR1000W,1
32DPR1001V,0
32DPR1002U,0
32DPR1003T,0
32DPR1004S,1
32DPR1006Q,0
32DPR1007P,0
32DPR1009N,1
32DPR1012A,0
32DPR1013Z,1
32DPR1014Z,0
32DPR1015Y,1
32DPR1016X,0
32DPR1017W,0
32DPR1018V,0
32DPR1019U,0
32DPR1020J,1
32DPR1021I,0
32DPR1022H,1
32DPR1023G,0
32DPR1024F,0
32DPR1025E,1
32DPR1028B,1
32DPR1029A,1
32DPR1030Q,0
32DPR1031P,0
32DPR1032O,0
32DPR1033N,0
32DPR1034M,0
32DPR1035L,0
32DPR1036K,0
32DPR1038I,0
32DPR1039H,0
32DPR1040X,0
32DPR1041W,0
32DPR1042V,0
32DPR1043U,0
32DPR1044T,0
32DPR1046R,0
32DPR1047Q,0
32DPR1049O,0
32DPR1050D,0
32DPR1051C,1
32DPR1053A,0
32DPR1054Z,0
32DPR1055Z,1
32DPR1056Y,0
32DPR1059V,1
32DPR1061J,0
32DPR1062I,1
32DPR1063H,0
32DPR1068C,0
32DPR1070R,1
32DPR1071Q,1
32DPR1072P,0
32DPR1073O,0
32DPR1074N,0
32DPR1075M,0
32DPR1076L,0
32DPR1077K,0
32DPR1078J,0
32DPR1079I,0
32DPR1081X,0
32DPR1082W,0
32DPR1083V,1
32DPR1084U,0
32DPR1085T,1
32DPR1086S,0
32DPR1087R,0
32DPR1088Q,1
32DPR1090E,0
32DPR1093B,1
32DPR1094A,0
32DPR1095Z,0
32DPR1097Y,0
32DPR1098X,1
32DPR1099W,0
32DPR1100V,1
32DPR1101U,0
32DPR1102T,0
32DPR1103S,0
32DPR1105Q,0
32DPR1107O,0
32DPR1109M,1
32DPR1110B,1
32DPR1111A,0
32DPR1112Z,1
32DPR1113Z,1
32DPR1114Y,0
32DPR1115X,0
32DPR1116W,0
32DPR1118U,1
32DPR1121H,0
32DPR1122G,1
32DPR1123F,1
32DPR1124E,1
32DPR1126C,0
32DPR1130P,0
32DPR1131O,0
32DPR1132N,1
32DPR1133M,0
32DPR1134L,0
32DPR1136J,1
32DPR1137I,1
32DPR1139G,0
32DPR1141V,0
32DPR1142U,0
32DPR1143T,1
32DPR1144S,1
32DPR1145R,0
32DPR1146Q,0
32DPR1147P,0
32DPR1148O,1
32DPR1149N,1
32DPR1150C,0
32DPR1151B,0
32DPR1152A,1
32DPR1153Z,0
32DPR1154Z,1
32DPR1155Y,0
32DPR1156X,1
32DPR1157W,0
32DPR1158V,0
32DPR1159U,0
32DPR1160J,0
32DPR1161I,1
32DPR1163G,0
32DPR1164F,0
32DPR1165E,0
32DPR1166D,0
32DPR1167C,0
32DPR1168B,1
32DPR1170Q,0
32DPR1171P,0
32DPR1172O,1
32DPR1173N,0
32DPR1174M,0
32DPR1175L,0
32DPR1176K,1
32DPR1177J,0
32DPR1178I,1
32DPR1179H,0
32DPR1180X,0
32DPR1182V,0
32DPR1183U,0
32DPR1184T,0
32DPR1185S,1
32DPR1186R,0
32DPR1187Q,1
32DPR1188P,0
32DPR1189O,0
32DPR1190D,0
32DPR1192B,1
32DPR1193A,1
32DPR1194Z,1
32DPR1198W,0
32DPR1199V,1
32DPR1200U,0
32DPR1201T,0
32DPR1202S,0
32DPR1207N,1
32DPR1208M,0
32DPR1209L,1
32DPR1210A,0
32DPR1214X,0
32DPR1215W,1
32DPR1216V,1
32DPR1217U,1
32DPR1219S,1
32DPR1221G,0
32DPR1223E,0
32DPR1224D,0
32DPR1225C,0
32DPR1226B,0
32DPR1227A,1
32DPR1228Z,1
32DPR1229Z,0
32DPR1230O,0
32DPR1231N,0
32DPR1232M,0
32DPR1233L,0
32DPR1235J,0
32DPR1236I,0
32DPR1237H,1
32DPR1239F,0
32DPR1241U,0
32DPR1243S,0
32DPR1245Q,0
32DPR1246P,0
32DPR1247O,1
32DPR1248N,0
32DPR1249M,0
32DPR1250B,0
32DPR1251A,1
32DPR1258U,1
32DPR1260I,1
32DPR1264E,1
32DPR1268A,0
32DPR1269Z,1
32DPR1270P,0
32DPR1273M,1
32DPR1274L,0
32DPR1275K,1
32DPR1276J,1
32DPR1280W,0
32DPR1282U,0
32DPR1283T,1
32DPR1285R,0
32DPR1286Q,1
32DPR1287P,0
32DPR1288O,0
32DPR1289N,0
32DPR1294Z,0
32DPR1296X,0
32DPR1297W,0
32DPR1298V,1
32DPR1299U,1
32DPR1300T,0
32DPR1301S,1
32DPR1302R,0
32DPR1303Q,0
32DPR1304P,0
32DPR1305O,0
32DPR1306N,0
32DPR1307M,0
32DPR1309K,0
32DPR1310Z,0
32DPR1311Z,0
32DPR1313X,0
32DPR1314W,0
32DPR1315V,0
32DPR1316U,0
32DPR1317T,0
32DPR1318S,0
32DPR1319R,0
32DPR1320G,1
32DPR1321F,0
32DPR1323D,1
32DPR1325B,0
32DPR1326A,0
32DPR1327Z,1
32DPR1329Y,0
32DPR1330N,0
32DPR1331M,1
32DPR1332L,0
32DPR1333K,0
32DPR1334J,0
32DPR1337G,0
32DPR1338F,0
32DPR1339E,0
32DPR1340U,1
32DPR1341T,0
32DPR1342S,0
32DPR1343R,1
32DPR1344Q,0
32DPR1346O,0
32DPR1347N,0
32DPR1348M,0
32DPR1349L,0
32DPR1350A,1
32DPR1351Z,1
32DPR1352Z,1
32DPR1356V,0
32DPR1357U,1
32DPR1358T,1
32DPR1359S,1
32DPR1361G,0
32DPR1362F,0
32DPR1363E,0
32DPR1364D,0
32DPR1365C,1
32DPR1366B,0
32DPR1367A,0
32DPR1369Z,0
32DPR1371N,0
32DPR1372M,0
32DPR1373L,0
32DPR1375J,1
32DPR1376I,1
32DPR1377H,0
32DPR1379F,1
32DPR1380V,1
32DPR1381U,0
32DPR1383S,0
32DPR1384R,0
32DPR1385Q,0
32DPR1386P,0
32DPR1387O,1
32DPR1388N,0
32DPR1389M,1
32DPR1390B,0
32DPR1392Z,1
32DPR1394Y,1
32DPR1396W,1
32DPR1398U,1
32DPR1400S,0
32DPR1401R,1
32DPR1402Q,0
32DPR1403P,0
32DPR1405N,1
32DPR1406M,1
32DPR1407L,1
32DPR1408K,1
32DPR1409J,0
32DPR1412X,1
32DPR1413W,0
32DPR1414V,1
32DPR1415U,1
32DPR1417S,1
32DPR1419Q,0
32DPR1420F,1
32DPR1421E,0
32DPR1424B,1
32DPR1430M,0
32DPR1432K,0
32DPR1433J,0
32DPR1434I,0
32DPR1435H,0
32DPR1437F,0
32DPR1438E,0
32DPR1439D,1
32DPR1441S,0
32DPR1443Q,0
32DPR1444P,1
32DPR1445O,0
32DPR1446N,1
32DPR1448L,0
32DPR1451Z,1
32DPR1452Y,1
32DPR1453X,0
32DPR1454W,1
32DPR1456U,1
32DPR1460G,1
32DPR1463D,1
32DPR1464C,0
32DPR1469Y,0
32DPR1470N,0
32DPR1471M,0
32DPR1473K,1
32DPR1475I,0
32DPR1477G,0
32DPR1481T,0
32DPR1482S,1
32DPR1483R,1
32DPR1484Q,0
32DPR1485P,1
32DPR1486O,0
32DPR1488M,1
32DPR1490A,1
32DPR1491Z,1
32DPR1492Z,0
32DPR1493Y,0
32DPR1496V,1
32DPR1498T,1
32DPR1500R,0
32DPR1503O,0
32DPR1504N,0
32DPR1505M,1
32DPR1506L,0
32DPR1509I,1
32DPR1511X,0
32DPR1512W,0
32DPR1515T,0
32DPR1516S,0
32DPR1519P,1
32DPR1520E,0
32DPR1523B,1
32DPR1526Z,0
32DPR1529W,0
32DPR1531K,1
32DPR1539C,0
32DPR1546M,1
32DPR1549J,0
32DPR1558R,0
32DPR1560F,1
32DPR1566Z,0
32DPR1568Y,1
32DPR1573J,0
32DPR1575H,1
32DPR1583Q,0
32DPR1584P,1
32DPR1603N,0
32DPR1604M,0
32DPR1606K,1
32DPR1622B,0
32DPR1630K,0
32DPR1632I,0
32DPR1635F,1
32DPR1652W,1
32DPR1653V,1
32DPR1654U,0
32DPR1655T,1
32DPR1656S,0
32DPR1657R,0
32DPR1658Q,0
32DPR1661D,0
32DPR1664A,0
32DPR1668X,0
32DPR1669W,0
32DPR1670L,1
32DPR1671K,0
32DPR1672J,0
32DPR1673I,1
32DPR1674H,0
32DPR1675G,1
32DPR1680S,0
32DPR1682Q,1
32DPR1684O,0
32DPR1689J,0
32DPR1690Z,0
32DPR1693W,0
32DPR1696T,1
32DPR1697S,0
32DPR1700P,0
32DPR1701O,0
32DPR1703M,0
32DPR1704L,1
32DPR1705K,0
32DPR1706J,0
32DPR1707I,0
32DPR1709G,0
32DPR1710W,0
32DPR1711V,0
32DPR1712U,0
32DPR1714S,0
32DPR1715R,1
32DPR1717P,1
32DPR1718O,0
32DPR1719N,1
32DPR1725Y,0
32DPR1726X,0
32DPR1731I,1
32DPR1736D,0
32DPR1739A,0
32DPR1741P,0
32DPR1750X,0
32DPR1751W,0
32DPR1752V,0
32DPR1755S,0
32DPR1765Z,0
32DPR1785M,1
32DPR1787K,0
32DPR1788J,0
32DPR1789I,1
32DPR1803L,0
32DPR1809F,0
32DPR1811U,0
32DPR1812T,1
32DPR1813S,0
32DPR1833F,0
32DPR1834E,0
32DPR1838A,0
32DPR1840P,0
32DPR1844L,0
32DPR1845K,0
32DPR1847I,0
32DPR1848H,0
32DPR1858O,0
32DPR1859N,0
32DPR1860C,0
32DPR1861B,0
32DPR1863Z,0
32DPR1870J,0
32DPR1872H,0
32DPR1876D,0
32DPR1883N,0
32DPR1884M,0
32DPR1887J,1
32DPR1894T,1
32DPR1900N,1
32DPR1901M,0
32DPR1907G,0
32DPR1908F,0
32DPR1915P,1
32DPR1924X,0
32DPR1926V,0
32DPR1927U,0
32DPR1930H,1
32DPR1932F,0
32DPR1937A,0
32DPR1939Z,0
32DPR1943L,0
32DPR1944K,0
32DPR1945J,0
32DPR1952T,0
32DPR1954R,1
32DPR1958N,1
32DPR1960B,1
32DPR1962Z,0
32DPR1963Z,0
32DPR1965X,1
32DPR1976C,0
32DPR1984L,1
32DPR1985K,0
32DPR1986J,0
32DPR1996Q,0
32DPR1998O,1
32DPR2000C,0
32DPR2012H,0
32DPR2015E,0
32DPR2017C,0
32DPR2024M,0
32DPR2027J,0
32DPR2053H,0
32DPR2054G,0
32DPR2055F,1
32DPR2060R,1
32DPR2064N,1
32DPR2065M,0
32DPR2068J,0
32DPR2075T,1
32DPR2078Q,0
32DPR2081D,0
32DPR2086Z,0
32DPR2093I,0
32DPR2097E,0
32DPR2108U,0
32DPR2119Z,0
32DPR2131V,0
32DPR2132U,0
32DPR2141B,0
32DPR2142A,0
32DPR2154F,0
32DPR2164M,1
32DPR2165L,1
32DPR2167J,0
32DPR2169H,1
32DPR2170X,1
32DPR2174T,0
32DPR2176R,1
32DPR2184Z,0
32DPR2185Z,1
32DPR2186Y,0
32DPR2190K,0
32DPR2193H,0
32DPR2203Y,0
32DPR2208T,0
32DPR2209S,0
32DPR2211G,1
32DPR2228G,1
32DPR2238N,1
32DPR2242Z,0
32DPR2249T,1
32DPR2250I,0
32DPR2251H,0
32DPR2268H,0
32DPR2269G,1
32DPR2270W,1
32DPR2273T,0
32DPR2283Z,0
32DPR2284Z,0
32DPR2304W,0
32DPR2309R,0
32DPR2314C,0
32DPR2315B,1
32DPR2317Z,1
32DPR2319Y,0
32DPR2320N,0
32DPR2321M,0
32DPR2323K,0
32DPR2328F,1
32DPR2329E,0
32DPR2331T,0
32DPR2332S,1
32DPR2333R,1
32DPR2336O,1
32DPR2339L,1
32DPR2346V,0
32DPR2347U,1
32DPR2353E,0
32DPR2357A,1
32DPR2359Z,1
32DPR2361N,0
32DPR2363L,0
32DPR2364K,0
32DPR2367H,0
32DPR2381A,1
32DPR2383Z,0
32DPR2385X,0
32DPR2388U,1
32DPR2391H,0
32DPR2393F,0
32DPR2394E,0
32DPR2395D,1
32DPR2397B,0
32DPR2398A,1
32DPR2399Z,1
32DPR2403W,1
32DPR2404V,0
32DPR2405U,0
32DPR2407S,0
32DPR2414B,1
32DPR2415A,1
32DPR2416Z,0
32DPR2417Z,0
32DPR2420M,0
32DPR2421L,0
32DPR2422K,0
32DPR2424I,1
32DPR2426G,0
32DPR2427F,0
32DPR2428E,0
32DPR2429D,0
32DPR2430T,0
32DPR2433Q,0
32DPR2434P,1
32DPR2435O,1
32DPR2436N,0
32DPR2437M,0
32DPR2439K,0
32DPR2441Z,0
32DPR2443X,1
32DPR2444W,0
32DPR2445V,0
32DPR2446U,0
32DPR2448S,0
32DPR2449R,0
32DPR2450G,1
32DPR2452E,0
32DPR2454C,0
32DPR2455B,1
32DPR2457Z,0
32DPR2461M,0
32DPR2464J,0
32DPR2465I,1
32DPR2468F,0
32DPR2469E,1
32DPR2470U,1
32DPR2471T,0
32DPR2474Q,0
32DPR2475P,0
32DPR2478M,0
32DPR2480A,1
32DPR2482Z,0
32DPR2484X,1
32DPR2485W,1
32DPR2487U,1
32DPR2488T,1
32DPR2489S,0
32DPR2490H,0
32DPR2491G,0
32DPR2492F,0
32DPR2493E,0
32DPR2497A,0
32DPR2498Z,0
32DPR2499Z,1
32DPR2502W,0
32DPR2503V,1
32DPR2504U,1
32DPR2507R,1
32DPR2509P,0
32DPR2511D,0
32DPR2512C,0
32DPR2513B,0
32EPR0001N,1
32EPR0002M,0
32EPR0004K,1
32EPR0005J,1
32EPR0006I,1
32EPR0007H,1
32EPR0010V,1
32EPR0011U,1
32EPR0014R,1
32EPR0017O,1
32EPR0018N,1
32EPR0020B,0
32EPR0022Z,0
32EPR0023Z,1
32EPR0025X,1
32EPR0027V,0
32EPR0028U,0
32EPR0030I,1
32EPR0031H,0
32EPR0033F,1
32EPR0035D,1
32EPR0036C,0
32EPR0041O,0
32EPR0043M,0
32EPR0044L,0
32EPR0047I,1
32EPR0053T,1
32EPR0054S,0
32EPR0055R,0
32EPR0056Q,1
32EPR0057P,1
32EPR0058O,1
32EPR0059N,0
32EPR0060C,0
32EPR0061B,1
32EPR0069U,0
32EPR0070J,0
32EPR0073G,0
32EPR0074F,1
32EPR0076D,0
32EPR0078B,0
32EPR0079A,0
32EPR0081P,0
32EPR0082O,1
32EPR0091W,1
32EPR0092V,1
32EPR0093U,1
32EPR0095S,1
32EPR0102L,0
32EPR0104J,0
32EPR0105I,1
32EPR0106H,0
32EPR0107G,1
32EPR0113R,1
32EPR0114Q,1
32EPR0117N,1
32EPR0118M,1
32EPR0124X,0
32EPR0129S,0
32EPR0131G,1
32EPR0133E,1
32EPR0134D,0
32EPR0137A,1
32EPR0151U,0
32EPR0152T,1
32EPR0153S,0
32EPR0156P,0
32EPR0158N,0
32EPR0159M,0
32EPR0160B,1
32EPR0166W,0
32EPR0168U,1
32EPR0170I,0
32EPR0171H,0
32EPR0172G,1
32EPR0173F,1
32EPR0174E,0
32PPR0001T,0
32PPR0003R,0
32PPR0006O,1
32PPR0007N,1
32PPR0011Z,1
32PPR0022F,1
32PPR0023E,1
32PPR0024D,0
32PPR0025C,1
32PPR0026B,1
32PPR0027A,1
32PPR0038G,1
32PPR0039F,1
32PPR0040V,1
32PPR0048N,1
32PPR0049M,1
32PPR0050B,0
32PPR0052Z,1
32PPR0062G,1
32PPR0063F,1
32PPR0064E,1
32PPR0066C,1
32PPR0067B,1
32PPR0085R,1
32PPR0086Q,0
32PPR0087P,1
32PPR0088O,1
32PPR0089N,1
32PPR0090C,0
32PPR0097W,1
32PPR0099U,1
32PPR0100T,1
32PPR0109K,1
32PPR0120G,1
32PPR0121F,0
32PPR0123D,1
32PPR0125B,0
32PPR0126A,1
32PPR0132L,1
32PPR0156V,1
32PPR0157U,1
32PPR0158T,0
32PPR0159S,1
32PPR0160H,1
32PPR0162F,1
32PPR0166B,1
32PPR0168Z,1
32PPR0169Z,1
32PPR0170O,0
32PPR0172M,0
32PPR0174K,1
32PPR0175J,1
32PPR0176I,1
32PPR0179F,0
32PPR0180V,1
32PPR0182T,0
32PPR0183S,0
32PPR0185Q,1
32PPR0186P,0
32PPR0187O,0
32PPR0188N,1
32PPR0189M,0
32PPR0190B,1
32PPR0191A,0
32PPR0192Z,1
32PPR0193Z,1
32PPR0194Y,0
32PPR0195X,1
32PPR0196W,0
32PPR0197V,1
32PPR0200S,1
